sku_id,category,region,current_stock,avg_monthly_sales,last_month_sales,lead_time_days,safety_stock,unit_price,stock_age_days
SKU-0001,Fitness,North,102,189,97,21,126,3872,20
SKU-0001,Home Appliances,South,102,131,215,21,94,3544,99
SKU-0001,Electronics,East,359,161,135,14,72,869,343
SKU-0001,Electronics,West,491,167,42,14,40,1284,313
SKU-0001,Electronics,Central,21,98,53,21,78,2658,169
SKU-0002,Mobile Accessories,North,475,197,212,21,70,1999,54
SKU-0002,Computers,South,243,73,135,7,70,746,20
SKU-0002,Home Appliances,East,328,176,22,30,108,2463,13
SKU-0002,Mobile Accessories,West,241,18,94,7,149,1463,91
SKU-0002,Electronics,Central,366,197,203,30,27,4114,34
SKU-0003,Mobile Accessories,North,205,90,168,14,123,3173,389
SKU-0003,Home Appliances,South,53,115,8,14,63,261,201
SKU-0003,Electronics,East,445,23,99,30,34,4651,214
SKU-0003,Computers,West,251,199,44,7,101,978,52
SKU-0003,Home Appliances,Central,279,163,221,30,143,592,40
SKU-0004,Fitness,North,156,24,49,7,108,2668,343
SKU-0004,Fitness,South,128,145,220,21,100,491,162
SKU-0004,Fitness,East,418,42,127,7,60,3199,134
SKU-0004,Electronics,West,200,81,16,14,52,4698,61
SKU-0004,Computers,Central,215,46,103,30,123,2873,34
SKU-0005,Mobile Accessories,North,448,110,179,14,20,1128,217
SKU-0005,Home Appliances,South,254,151,107,21,34,1584,178
SKU-0005,Mobile Accessories,East,62,105,235,7,71,4291,387
SKU-0005,Fitness,West,221,160,235,7,48,1159,12
SKU-0005,Electronics,Central,159,80,191,21,105,2725,169
SKU-0006,Mobile Accessories,North,44,71,189,7,47,3727,339
SKU-0006,Home Appliances,South,285,199,79,30,111,3402,189
SKU-0006,Mobile Accessories,East,224,138,125,21,140,2775,232
SKU-0006,Mobile Accessories,West,258,112,202,30,81,3848,224
SKU-0006,Mobile Accessories,Central,306,181,156,21,78,3545,159
SKU-0007,Fitness,North,95,189,117,14,71,1391,294
SKU-0007,Electronics,South,385,140,117,7,132,3099,80
SKU-0007,Fitness,East,186,122,6,14,73,954,223
SKU-0007,Electronics,West,224,138,151,14,149,1807,217
SKU-0007,Home Appliances,Central,159,169,72,21,142,4596,254
SKU-0008,Home Appliances,North,293,33,73,30,117,297,394
SKU-0008,Computers,South,239,153,101,7,143,4382,325
SKU-0008,Fitness,East,463,102,7,30,109,2086,146
SKU-0008,Mobile Accessories,West,147,105,203,30,147,2485,359
SKU-0008,Computers,Central,128,20,224,7,61,362,251
SKU-0009,Electronics,North,143,99,116,7,79,2149,384
SKU-0009,Mobile Accessories,South,303,149,201,7,28,3270,146
SKU-0009,Electronics,East,303,140,152,30,73,3291,160
SKU-0009,Electronics,West,407,125,79,7,123,4023,253
SKU-0009,Mobile Accessories,Central,226,121,221,21,112,3061,383
SKU-0010,Mobile Accessories,North,365,91,198,14,87,4593,276
SKU-0010,Mobile Accessories,South,303,157,132,30,147,3204,175
SKU-0010,Fitness,East,459,196,119,14,138,1145,237
SKU-0010,Mobile Accessories,West,157,47,234,7,70,2585,263
SKU-0010,Fitness,Central,282,36,230,7,49,1059,316
SKU-0011,Computers,North,303,156,8,21,68,116,171
SKU-0011,Electronics,South,219,167,225,14,136,2665,98
SKU-0011,Computers,East,379,46,28,7,65,4376,94
SKU-0011,Mobile Accessories,West,98,197,229,30,86,227,17
SKU-0011,Electronics,Central,280,63,62,21,123,2833,279
SKU-0012,Home Appliances,North,113,41,179,14,146,254,385
SKU-0012,Mobile Accessories,South,473,26,108,7,62,4441,175
SKU-0012,Electronics,East,38,179,30,21,69,2555,12
SKU-0012,Fitness,West,315,144,61,30,39,2468,263
SKU-0012,Electronics,Central,493,153,146,30,134,1266,91
SKU-0013,Home Appliances,North,353,75,36,21,105,4246,152
SKU-0013,Electronics,South,185,72,194,7,77,1815,169
SKU-0013,Mobile Accessories,East,325,24,58,21,120,3224,59
SKU-0013,Electronics,West,491,117,9,21,25,976,371
SKU-0013,Electronics,Central,349,56,103,21,71,4464,369
SKU-0014,Computers,North,123,115,162,21,139,930,274
SKU-0014,Fitness,South,91,67,187,14,136,2938,126
SKU-0014,Mobile Accessories,East,392,149,249,7,77,4829,0
SKU-0014,Electronics,West,238,43,100,14,137,659,88
SKU-0014,Mobile Accessories,Central,487,126,133,30,88,2394,75
SKU-0015,Fitness,North,153,153,183,7,105,2844,284
SKU-0015,Home Appliances,South,461,78,51,7,113,3159,203
SKU-0015,Computers,East,399,185,89,21,119,1857,356
SKU-0015,Home Appliances,West,22,19,73,30,53,3351,222
SKU-0015,Home Appliances,Central,393,156,190,30,20,1115,324
SKU-0016,Home Appliances,North,492,13,20,30,99,4692,383
SKU-0016,Computers,South,159,93,156,30,143,1668,178
SKU-0016,Computers,East,426,110,16,21,84,4013,42
SKU-0016,Mobile Accessories,West,43,38,145,30,114,3473,385
SKU-0016,Home Appliances,Central,252,44,219,7,109,875,92
SKU-0017,Fitness,North,409,99,166,21,124,4074,195
SKU-0017,Fitness,South,313,123,241,21,139,828,276
SKU-0017,Fitness,East,248,173,142,7,118,4179,35
SKU-0017,Home Appliances,West,465,105,156,21,56,3951,368
SKU-0017,Mobile Accessories,Central,182,22,27,7,118,4052,61
SKU-0018,Mobile Accessories,North,83,121,221,14,38,495,232
SKU-0018,Fitness,South,402,85,13,21,47,817,222
SKU-0018,Mobile Accessories,East,383,61,87,14,130,243,372
SKU-0018,Computers,West,68,108,144,7,142,3736,150
SKU-0018,Electronics,Central,143,66,43,7,61,3082,397
SKU-0019,Home Appliances,North,222,131,137,21,94,4946,75
SKU-0019,Computers,South,8,83,190,30,26,1291,169
SKU-0019,Electronics,East,392,187,31,14,24,3336,338
SKU-0019,Mobile Accessories,West,135,118,69,14,90,4412,300
SKU-0019,Computers,Central,131,45,74,30,38,3023,181
SKU-0020,Computers,North,166,100,206,14,38,4234,125
SKU-0020,Electronics,South,450,182,145,14,145,1181,147
SKU-0020,Electronics,East,475,70,131,7,20,2096,347
SKU-0020,Computers,West,189,122,157,30,136,233,57
SKU-0020,Home Appliances,Central,43,182,164,7,80,4275,373
SKU-0021,Computers,North,212,173,231,21,39,3612,46
SKU-0021,Computers,South,232,58,18,21,20,1496,53
SKU-0021,Home Appliances,East,373,12,148,21,31,1453,223
SKU-0021,Fitness,West,271,111,208,30,136,1245,347
SKU-0021,Fitness,Central,163,99,140,14,79,639,219
SKU-0022,Mobile Accessories,North,356,50,232,30,65,3424,389
SKU-0022,Electronics,South,81,124,201,21,29,2971,285
SKU-0022,Mobile Accessories,East,241,118,9,21,52,4569,64
SKU-0022,Computers,West,145,186,15,7,45,4258,216
SKU-0022,Electronics,Central,341,68,31,7,117,2252,98
SKU-0023,Electronics,North,384,158,244,21,25,4671,196
SKU-0023,Electronics,South,350,142,106,21,42,3736,164
SKU-0023,Computers,East,201,92,149,7,97,2148,50
SKU-0023,Electronics,West,172,13,194,7,132,4683,287
SKU-0023,Mobile Accessories,Central,33,101,99,30,58,349,161
SKU-0024,Fitness,North,437,127,7,21,69,4463,53
SKU-0024,Mobile Accessories,South,235,142,226,14,76,4819,254
SKU-0024,Home Appliances,East,302,160,211,7,104,4081,65
SKU-0024,Home Appliances,West,74,188,107,14,57,1429,97
SKU-0024,Fitness,Central,337,39,83,21,71,4444,165
SKU-0025,Home Appliances,North,480,88,34,21,125,2228,132
SKU-0025,Electronics,South,284,141,142,30,93,2932,339
SKU-0025,Electronics,East,471,78,38,14,72,4400,125
SKU-0025,Mobile Accessories,West,234,52,244,21,134,860,150
SKU-0025,Computers,Central,182,89,99,21,137,999,359
SKU-0026,Electronics,North,387,193,29,21,115,3366,154
SKU-0026,Fitness,South,92,169,182,7,141,3222,276
SKU-0026,Home Appliances,East,4,101,174,7,41,623,345
SKU-0026,Electronics,West,45,43,181,14,64,2396,46
SKU-0026,Computers,Central,120,65,98,21,82,4243,60
SKU-0027,Home Appliances,North,336,35,40,7,27,4820,354
SKU-0027,Fitness,South,252,189,211,21,146,155,213
SKU-0027,Mobile Accessories,East,13,37,219,14,149,464,153
SKU-0027,Computers,West,13,196,60,21,26,1746,237
SKU-0027,Fitness,Central,362,27,42,21,134,3186,191
SKU-0028,Computers,North,472,128,233,30,58,2076,272
SKU-0028,Computers,South,230,95,222,14,63,4732,144
SKU-0028,Mobile Accessories,East,12,34,72,14,86,332,108
SKU-0028,Home Appliances,West,145,120,232,21,53,4818,263
SKU-0028,Mobile Accessories,Central,423,122,240,21,61,2572,100
SKU-0029,Electronics,North,5,189,30,30,78,976,228
SKU-0029,Home Appliances,South,376,42,185,14,40,1833,69
SKU-0029,Mobile Accessories,East,111,13,98,21,81,2497,94
SKU-0029,Fitness,West,151,64,141,21,50,1163,228
SKU-0029,Computers,Central,35,161,227,14,85,567,219
SKU-0030,Fitness,North,74,13,83,14,137,3028,93
SKU-0030,Mobile Accessories,South,485,188,66,7,98,2862,391
SKU-0030,Fitness,East,25,188,177,30,89,1241,323
SKU-0030,Fitness,West,274,29,117,30,66,2148,89
SKU-0030,Electronics,Central,141,73,42,7,145,4334,355
SKU-0031,Computers,North,332,12,165,14,29,360,137
SKU-0031,Home Appliances,South,171,139,17,30,149,1719,320
SKU-0031,Fitness,East,318,110,77,7,28,2094,398
SKU-0031,Fitness,West,407,47,167,14,114,1704,317
SKU-0031,Mobile Accessories,Central,443,187,82,7,139,3630,136
SKU-0032,Electronics,North,417,85,231,21,20,3491,59
SKU-0032,Computers,South,319,102,76,21,124,1352,269
SKU-0032,Computers,East,315,39,39,7,24,2998,378
SKU-0032,Home Appliances,West,77,163,66,30,108,1165,88
SKU-0032,Computers,Central,401,49,76,21,123,3697,287
SKU-0033,Fitness,North,178,134,170,7,42,4770,142
SKU-0033,Electronics,South,480,162,149,7,72,3787,103
SKU-0033,Computers,East,434,48,183,14,86,1302,41
SKU-0033,Mobile Accessories,West,447,24,115,7,52,2135,230
SKU-0033,Home Appliances,Central,410,173,161,14,116,3168,288
SKU-0034,Computers,North,253,95,70,14,24,1965,352
SKU-0034,Electronics,South,117,47,145,21,66,3328,135
SKU-0034,Electronics,East,260,166,51,30,95,3856,129
SKU-0034,Home Appliances,West,410,104,119,21,55,893,298
SKU-0034,Computers,Central,282,78,152,21,93,3019,37
SKU-0035,Electronics,North,133,32,51,14,65,462,395
SKU-0035,Electronics,South,217,150,108,14,130,1739,315
SKU-0035,Electronics,East,170,109,244,30,139,3976,327
SKU-0035,Mobile Accessories,West,126,115,245,30,50,3549,392
SKU-0035,Mobile Accessories,Central,50,38,210,30,60,3897,266
SKU-0036,Computers,North,406,10,50,7,109,1745,181
SKU-0036,Home Appliances,South,470,66,5,21,74,2808,308
SKU-0036,Fitness,East,136,189,61,7,54,674,243
SKU-0036,Mobile Accessories,West,24,99,79,14,149,3381,346
SKU-0036,Fitness,Central,16,137,175,21,127,4958,178
SKU-0037,Fitness,North,181,161,29,21,107,4480,62
SKU-0037,Fitness,South,490,159,158,30,133,3220,336
SKU-0037,Electronics,East,83,114,181,30,137,441,62
SKU-0037,Fitness,West,188,113,53,21,20,1859,140
SKU-0037,Computers,Central,477,188,127,30,81,2179,157
SKU-0038,Mobile Accessories,North,284,58,177,7,49,3595,18
SKU-0038,Electronics,South,17,10,82,21,132,2261,221
SKU-0038,Mobile Accessories,East,165,188,67,30,148,3435,54
SKU-0038,Fitness,West,358,140,36,14,129,3551,86
SKU-0038,Mobile Accessories,Central,54,41,182,21,112,3179,320
SKU-0039,Mobile Accessories,North,312,76,220,21,91,3410,228
SKU-0039,Computers,South,66,60,101,30,27,2243,87
SKU-0039,Mobile Accessories,East,77,41,124,14,74,1043,6
SKU-0039,Fitness,West,329,16,165,21,104,4342,111
SKU-0039,Electronics,Central,380,156,40,7,101,613,384
SKU-0040,Electronics,North,302,157,15,14,149,4902,118
SKU-0040,Fitness,South,395,29,9,7,72,3677,341
SKU-0040,Mobile Accessories,East,363,33,85,14,139,2206,214
SKU-0040,Fitness,West,127,123,119,7,33,4716,39
SKU-0040,Electronics,Central,449,34,107,7,41,2641,3
SKU-0041,Fitness,North,153,195,33,7,117,3898,292
SKU-0041,Fitness,South,74,79,150,30,104,2189,355
SKU-0041,Electronics,East,40,175,38,7,141,4783,86
SKU-0041,Home Appliances,West,116,115,90,7,46,745,218
SKU-0041,Home Appliances,Central,167,107,16,7,72,554,393
SKU-0042,Electronics,North,172,154,158,7,141,3729,63
SKU-0042,Mobile Accessories,South,129,63,111,7,70,4888,291
SKU-0042,Home Appliances,East,370,35,33,7,30,2158,163
SKU-0042,Electronics,West,112,196,43,30,73,4293,54
SKU-0042,Electronics,Central,110,161,154,7,75,1885,35
SKU-0043,Computers,North,238,157,215,21,100,4560,200
SKU-0043,Mobile Accessories,South,153,82,205,30,36,1340,60
SKU-0043,Computers,East,426,113,46,7,58,4326,228
SKU-0043,Home Appliances,West,107,181,183,14,121,2422,100
SKU-0043,Electronics,Central,43,196,53,7,36,429,56
SKU-0044,Electronics,North,310,56,16,14,99,315,338
SKU-0044,Fitness,South,263,158,85,21,137,809,199
SKU-0044,Computers,East,24,98,16,21,78,4093,364
SKU-0044,Computers,West,25,56,36,14,35,4906,281
SKU-0044,Mobile Accessories,Central,468,95,139,14,98,728,6
SKU-0045,Electronics,North,136,124,180,30,78,4922,81
SKU-0045,Fitness,South,222,125,171,21,122,1282,151
SKU-0045,Computers,East,482,117,192,7,117,230,292
SKU-0045,Home Appliances,West,170,177,222,21,127,138,14
SKU-0045,Mobile Accessories,Central,375,13,97,14,35,592,107
SKU-0046,Electronics,North,381,64,231,14,53,2561,250
SKU-0046,Home Appliances,South,246,22,145,14,115,3910,378
SKU-0046,Mobile Accessories,East,38,55,248,7,81,344,235
SKU-0046,Home Appliances,West,184,25,188,30,140,4461,358
SKU-0046,Home Appliances,Central,339,142,69,14,22,3600,141
SKU-0047,Computers,North,375,167,246,30,56,531,192
SKU-0047,Mobile Accessories,South,436,82,147,7,140,1063,139
SKU-0047,Electronics,East,186,46,65,7,143,4905,294
SKU-0047,Electronics,West,439,72,50,30,30,1968,225
SKU-0047,Mobile Accessories,Central,152,61,8,21,91,984,242
SKU-0048,Computers,North,492,119,78,21,76,2365,240
SKU-0048,Fitness,South,258,129,10,7,24,153,46
SKU-0048,Computers,East,214,186,13,21,39,2013,240
SKU-0048,Computers,West,60,132,238,21,101,2209,144
SKU-0048,Fitness,Central,215,12,164,21,32,992,88
SKU-0049,Electronics,North,328,77,146,7,117,1390,104
SKU-0049,Computers,South,439,76,127,30,48,1318,225
SKU-0049,Home Appliances,East,331,179,13,21,59,1660,260
SKU-0049,Computers,West,394,196,230,30,143,1074,37
SKU-0049,Home Appliances,Central,327,142,180,14,56,3487,175
SKU-0050,Mobile Accessories,North,460,37,201,7,100,3211,300
SKU-0050,Mobile Accessories,South,223,71,97,21,86,1691,39
SKU-0050,Computers,East,353,49,95,7,52,1385,215
SKU-0050,Home Appliances,West,146,89,172,30,116,1804,268
SKU-0050,Mobile Accessories,Central,362,54,93,7,119,4386,154
SKU-0051,Electronics,North,421,197,11,7,64,925,248
SKU-0051,Electronics,South,498,40,27,14,126,3608,157
SKU-0051,Mobile Accessories,East,38,168,86,30,21,688,11
SKU-0051,Mobile Accessories,West,294,22,50,21,132,2164,359
SKU-0051,Computers,Central,222,107,192,30,107,4870,325
SKU-0052,Electronics,North,466,167,203,14,82,1535,59
SKU-0052,Mobile Accessories,South,334,46,225,14,115,4679,241
SKU-0052,Computers,East,323,26,16,14,137,2852,21
SKU-0052,Fitness,West,473,129,214,14,33,4899,174
SKU-0052,Electronics,Central,284,173,231,30,144,2607,6
SKU-0053,Home Appliances,North,28,148,37,14,130,4099,57
SKU-0053,Computers,South,470,35,230,14,48,615,98
SKU-0053,Fitness,East,396,48,19,21,48,2304,74
SKU-0053,Home Appliances,West,371,41,134,21,103,3193,26
SKU-0053,Mobile Accessories,Central,194,90,130,30,111,1088,20
SKU-0054,Home Appliances,North,302,110,191,30,25,1782,386
SKU-0054,Fitness,South,256,67,128,14,34,3333,162
SKU-0054,Fitness,East,319,34,28,30,37,2355,26
SKU-0054,Mobile Accessories,West,71,69,178,7,112,3480,7
SKU-0054,Home Appliances,Central,78,36,178,14,112,1059,180
SKU-0055,Computers,North,23,69,126,21,65,626,152
SKU-0055,Electronics,South,221,26,130,30,103,1863,8
SKU-0055,Mobile Accessories,East,165,185,192,21,136,2533,343
SKU-0055,Fitness,West,71,148,68,7,91,3960,273
SKU-0055,Home Appliances,Central,477,73,86,14,114,265,31
SKU-0056,Home Appliances,North,10,54,221,7,121,3596,391
SKU-0056,Mobile Accessories,South,266,188,92,7,95,3036,45
SKU-0056,Mobile Accessories,East,159,89,58,14,111,2820,201
SKU-0056,Home Appliances,West,423,169,246,30,116,101,224
SKU-0056,Mobile Accessories,Central,288,167,165,7,135,1017,102
SKU-0057,Fitness,North,193,175,107,14,141,4338,105
SKU-0057,Mobile Accessories,South,374,181,53,30,80,734,389
SKU-0057,Mobile Accessories,East,8,15,77,21,60,815,263
SKU-0057,Fitness,West,327,187,96,14,103,4306,250
SKU-0057,Fitness,Central,382,16,207,30,77,121,382
SKU-0058,Computers,North,2,136,45,30,125,4209,11
SKU-0058,Home Appliances,South,86,21,145,7,64,1366,121
SKU-0058,Mobile Accessories,East,146,64,242,30,138,2456,182
SKU-0058,Mobile Accessories,West,287,60,48,14,56,411,360
SKU-0058,Computers,Central,58,140,160,14,54,4640,92
SKU-0059,Mobile Accessories,North,437,106,139,30,68,258,23
SKU-0059,Computers,South,403,46,8,30,127,3553,19
SKU-0059,Fitness,East,443,161,54,7,115,1373,116
SKU-0059,Electronics,West,353,75,83,14,25,4490,242
SKU-0059,Computers,Central,370,195,129,30,37,3723,20
SKU-0060,Computers,North,398,108,30,30,119,4673,86
SKU-0060,Home Appliances,South,297,181,18,14,21,474,292
SKU-0060,Computers,East,324,175,241,7,81,1625,315
SKU-0060,Mobile Accessories,West,380,120,18,30,103,229,230
SKU-0060,Home Appliances,Central,325,154,127,7,47,2213,162
SKU-0061,Electronics,North,228,14,197,30,64,3474,286
SKU-0061,Computers,South,394,19,199,14,33,2739,92
SKU-0061,Home Appliances,East,265,85,98,7,20,2460,63
SKU-0061,Home Appliances,West,373,37,125,21,68,3668,119
SKU-0061,Electronics,Central,43,65,160,21,127,1374,369
SKU-0062,Computers,North,333,139,205,21,56,1143,281
SKU-0062,Computers,South,284,10,123,21,78,1108,178
SKU-0062,Home Appliances,East,205,21,238,30,62,225,216
SKU-0062,Computers,West,305,38,189,21,57,4023,150
SKU-0062,Fitness,Central,383,135,49,30,99,2069,233
SKU-0063,Mobile Accessories,North,379,128,12,14,104,228,263
SKU-0063,Electronics,South,156,105,106,7,105,1298,289
SKU-0063,Computers,East,192,64,123,14,133,4149,144
SKU-0063,Fitness,West,25,145,51,30,132,4783,327
SKU-0063,Electronics,Central,344,55,200,7,20,3224,303
SKU-0064,Fitness,North,68,114,94,14,82,3332,168
SKU-0064,Mobile Accessories,South,88,185,17,7,96,3330,323
SKU-0064,Home Appliances,East,97,134,106,14,121,4214,81
SKU-0064,Fitness,West,396,32,87,7,94,3812,343
SKU-0064,Electronics,Central,309,98,217,21,84,3247,198
SKU-0065,Computers,North,142,158,151,30,112,1540,304
SKU-0065,Home Appliances,South,223,44,176,14,30,3115,109
SKU-0065,Fitness,East,461,83,198,14,28,1126,84
SKU-0065,Home Appliances,West,281,81,52,14,136,1277,152
SKU-0065,Home Appliances,Central,11,142,230,30,56,3122,299
SKU-0066,Computers,North,227,24,47,30,106,2645,363
SKU-0066,Computers,South,378,180,241,7,126,1114,335
SKU-0066,Fitness,East,302,126,128,21,44,814,50
SKU-0066,Fitness,West,270,77,25,7,38,1063,372
SKU-0066,Computers,Central,51,36,161,21,54,205,157
SKU-0067,Electronics,North,145,11,181,7,109,3516,349
SKU-0067,Computers,South,458,16,99,30,93,3754,311
SKU-0067,Computers,East,240,179,193,14,55,1575,373
SKU-0067,Home Appliances,West,262,63,133,30,139,1808,361
SKU-0067,Computers,Central,46,132,145,21,137,1400,213
SKU-0068,Fitness,North,219,146,30,7,34,109,377
SKU-0068,Fitness,South,120,134,174,30,68,3325,346
SKU-0068,Electronics,East,292,77,54,30,38,3783,59
SKU-0068,Home Appliances,West,166,98,150,21,88,1684,107
SKU-0068,Electronics,Central,225,170,123,7,56,2566,159
SKU-0069,Fitness,North,10,147,205,14,96,540,253
SKU-0069,Mobile Accessories,South,408,11,68,21,26,3829,322
SKU-0069,Home Appliances,East,41,127,129,21,43,4895,301
SKU-0069,Electronics,West,18,77,222,14,61,1290,108
SKU-0069,Electronics,Central,493,45,236,7,116,172,135
SKU-0070,Mobile Accessories,North,352,132,74,7,32,3813,4
SKU-0070,Electronics,South,427,36,164,7,27,1835,49
SKU-0070,Home Appliances,East,66,53,129,14,22,441,325
SKU-0070,Mobile Accessories,West,129,181,6,14,54,2501,285
SKU-0070,Computers,Central,115,17,154,30,55,1968,286
SKU-0071,Electronics,North,302,64,212,14,140,2202,399
SKU-0071,Electronics,South,11,154,148,30,22,1779,29
SKU-0071,Computers,East,236,32,96,21,123,4825,4
SKU-0071,Electronics,West,467,113,112,7,140,385,148
SKU-0071,Mobile Accessories,Central,83,159,214,30,51,1112,271
SKU-0072,Mobile Accessories,North,459,47,248,14,55,4676,150
SKU-0072,Fitness,South,113,75,109,7,21,2596,330
SKU-0072,Home Appliances,East,322,189,194,21,74,361,142
SKU-0072,Mobile Accessories,West,341,69,105,30,31,660,41
SKU-0072,Computers,Central,165,91,177,21,86,4019,6
SKU-0073,Home Appliances,North,435,23,77,21,85,4325,205
SKU-0073,Fitness,South,275,19,29,14,44,4359,94
SKU-0073,Mobile Accessories,East,269,74,114,30,73,337,380
SKU-0073,Mobile Accessories,West,435,140,231,7,44,2629,391
SKU-0073,Fitness,Central,404,34,83,30,31,4323,95
SKU-0074,Electronics,North,91,150,35,14,39,3136,315
SKU-0074,Fitness,South,446,143,164,7,62,4449,129
SKU-0074,Computers,East,59,160,215,21,24,2053,265
SKU-0074,Computers,West,344,139,130,21,75,556,82
SKU-0074,Fitness,Central,392,108,153,7,134,499,251
SKU-0075,Mobile Accessories,North,96,13,8,21,59,2248,358
SKU-0075,Fitness,South,379,61,225,30,143,4617,230
SKU-0075,Fitness,East,177,72,233,30,81,867,6
SKU-0075,Home Appliances,West,154,101,218,14,105,3816,182
SKU-0075,Home Appliances,Central,385,71,223,7,98,2808,137
SKU-0076,Home Appliances,North,470,67,124,21,84,3184,212
SKU-0076,Electronics,South,473,190,86,7,71,4378,116
SKU-0076,Fitness,East,281,43,56,30,101,4939,226
SKU-0076,Mobile Accessories,West,232,189,161,14,61,2544,112
SKU-0076,Home Appliances,Central,104,26,124,7,148,671,47
SKU-0077,Computers,North,28,106,14,14,77,4195,231
SKU-0077,Electronics,South,276,37,207,21,53,875,213
SKU-0077,Home Appliances,East,199,186,83,7,106,955,172
SKU-0077,Mobile Accessories,West,466,78,164,30,106,2248,7
SKU-0077,Computers,Central,332,96,47,7,128,3606,151
SKU-0078,Computers,North,16,142,152,7,77,2050,365
SKU-0078,Fitness,South,227,148,184,21,47,662,260
SKU-0078,Mobile Accessories,East,260,103,100,30,83,1673,110
SKU-0078,Fitness,West,479,121,224,7,123,2476,48
SKU-0078,Computers,Central,291,135,72,14,124,2316,216
SKU-0079,Electronics,North,377,128,194,21,133,2296,163
SKU-0079,Home Appliances,South,139,100,236,14,137,880,180
SKU-0079,Computers,East,159,104,148,30,51,622,9
SKU-0079,Computers,West,270,26,172,14,78,3797,277
SKU-0079,Mobile Accessories,Central,499,167,216,7,51,785,112
SKU-0080,Electronics,North,375,158,231,14,51,138,267
SKU-0080,Home Appliances,South,232,184,22,7,145,401,359
SKU-0080,Electronics,East,237,144,155,30,105,761,234
SKU-0080,Mobile Accessories,West,344,31,96,7,32,3637,257
SKU-0080,Electronics,Central,28,189,31,14,114,1586,87
SKU-0081,Computers,North,43,31,175,7,116,2843,2
SKU-0081,Electronics,South,190,127,23,21,49,1404,127
SKU-0081,Mobile Accessories,East,228,120,140,14,91,1384,2
SKU-0081,Home Appliances,West,448,141,108,21,83,3662,9
SKU-0081,Fitness,Central,404,137,50,21,85,2259,12
SKU-0082,Mobile Accessories,North,392,173,90,14,109,413,53
SKU-0082,Computers,South,11,23,125,14,140,2734,399
SKU-0082,Computers,East,242,79,60,21,120,797,131
SKU-0082,Mobile Accessories,West,110,134,136,30,43,1113,226
SKU-0082,Mobile Accessories,Central,153,46,234,7,73,2123,358
SKU-0083,Electronics,North,404,47,178,30,76,2420,118
SKU-0083,Mobile Accessories,South,70,13,225,14,22,4531,185
SKU-0083,Electronics,East,54,141,124,14,43,261,157
SKU-0083,Computers,West,81,156,163,30,79,3062,304
SKU-0083,Computers,Central,318,119,215,14,128,641,313
SKU-0084,Home Appliances,North,485,126,163,30,38,531,172
SKU-0084,Computers,South,227,103,187,7,82,1751,112
SKU-0084,Electronics,East,250,56,207,7,137,1936,160
SKU-0084,Fitness,West,400,13,152,30,66,2110,398
SKU-0084,Computers,Central,197,56,82,30,94,4797,399
SKU-0085,Electronics,North,324,70,142,14,22,3796,349
SKU-0085,Mobile Accessories,South,253,127,241,14,100,2000,50
SKU-0085,Electronics,East,244,156,174,21,65,4776,348
SKU-0085,Electronics,West,319,174,216,7,93,803,260
SKU-0085,Computers,Central,355,79,94,30,145,3078,128
SKU-0086,Mobile Accessories,North,279,66,104,14,60,785,315
SKU-0086,Home Appliances,South,363,197,61,21,103,4743,212
SKU-0086,Home Appliances,East,413,161,112,14,105,1343,390
SKU-0086,Mobile Accessories,West,162,192,224,14,139,1005,335
SKU-0086,Mobile Accessories,Central,399,191,227,14,89,940,300
SKU-0087,Mobile Accessories,North,227,193,111,30,101,2397,362
SKU-0087,Fitness,South,440,30,200,14,26,3241,126
SKU-0087,Fitness,East,398,169,207,30,139,4360,313
SKU-0087,Fitness,West,20,91,73,21,106,1853,304
SKU-0087,Fitness,Central,402,124,93,7,147,2031,160
SKU-0088,Computers,North,177,126,200,21,90,697,288
SKU-0088,Mobile Accessories,South,80,161,65,7,117,2190,168
SKU-0088,Mobile Accessories,East,422,95,181,7,117,1617,197
SKU-0088,Home Appliances,West,97,74,78,7,24,1637,21
SKU-0088,Fitness,Central,111,66,70,14,117,3315,367
SKU-0089,Computers,North,434,134,171,14,95,443,293
SKU-0089,Home Appliances,South,443,68,142,21,82,2708,31
SKU-0089,Electronics,East,390,30,24,14,146,1191,365
SKU-0089,Home Appliances,West,371,152,124,30,98,1849,115
SKU-0089,Mobile Accessories,Central,91,23,159,7,77,3967,25
SKU-0090,Home Appliances,North,368,75,157,30,63,1677,226
SKU-0090,Mobile Accessories,South,261,176,184,21,108,2526,177
SKU-0090,Fitness,East,426,156,201,21,30,2651,267
SKU-0090,Computers,West,73,17,156,30,60,2311,84
SKU-0090,Computers,Central,71,64,141,21,123,4663,267
SKU-0091,Fitness,North,385,16,84,21,128,358,282
SKU-0091,Electronics,South,113,116,44,14,148,712,379
SKU-0091,Electronics,East,175,116,105,30,129,1881,274
SKU-0091,Fitness,West,31,146,16,21,65,4058,15
SKU-0091,Electronics,Central,128,72,113,21,40,769,268
SKU-0092,Fitness,North,161,13,160,14,78,346,127
SKU-0092,Electronics,South,282,78,29,21,116,2343,280
SKU-0092,Home Appliances,East,403,171,158,14,28,1495,133
SKU-0092,Mobile Accessories,West,210,69,176,7,127,1999,212
SKU-0092,Computers,Central,215,140,80,30,49,1085,276
SKU-0093,Mobile Accessories,North,155,199,165,7,53,4236,306
SKU-0093,Fitness,South,430,91,62,21,42,3347,383
SKU-0093,Home Appliances,East,149,26,73,30,113,1030,288
SKU-0093,Computers,West,211,134,20,14,85,4678,247
SKU-0093,Electronics,Central,155,56,171,14,143,3930,342
SKU-0094,Home Appliances,North,127,76,8,14,66,4728,226
SKU-0094,Home Appliances,South,312,126,185,14,58,492,354
SKU-0094,Home Appliances,East,251,86,211,14,134,3908,133
SKU-0094,Home Appliances,West,250,160,191,21,117,2697,141
SKU-0094,Electronics,Central,99,81,194,21,49,4017,83
SKU-0095,Mobile Accessories,North,368,34,172,30,33,4349,101
SKU-0095,Computers,South,214,159,180,7,102,3046,274
SKU-0095,Fitness,East,200,37,216,7,90,3889,62
SKU-0095,Mobile Accessories,West,72,133,123,7,38,3090,397
SKU-0095,Electronics,Central,119,175,185,7,49,364,319
SKU-0096,Home Appliances,North,160,129,56,7,72,1862,333
SKU-0096,Fitness,South,221,50,200,21,87,1087,263
SKU-0096,Fitness,East,1,114,129,14,105,4108,119
SKU-0096,Electronics,West,126,192,20,7,81,2579,157
SKU-0096,Computers,Central,267,44,15,30,69,1592,254
SKU-0097,Fitness,North,148,78,52,30,120,2086,171
SKU-0097,Home Appliances,South,416,198,141,30,54,1076,215
SKU-0097,Computers,East,479,74,12,7,106,1547,331
SKU-0097,Computers,West,437,85,178,21,34,1996,146
SKU-0097,Home Appliances,Central,25,61,97,14,40,1673,275
SKU-0098,Computers,North,156,188,136,21,111,871,75
SKU-0098,Computers,South,428,76,90,30,110,3098,360
SKU-0098,Electronics,East,256,81,91,14,25,2361,152
SKU-0098,Electronics,West,209,154,65,30,25,829,282
SKU-0098,Home Appliances,Central,135,133,110,7,112,1744,240
SKU-0099,Fitness,North,354,177,146,21,103,4896,48
SKU-0099,Home Appliances,South,301,122,194,30,62,4599,379
SKU-0099,Home Appliances,East,352,99,43,7,81,2529,232
SKU-0099,Computers,West,264,97,41,7,60,955,276
SKU-0099,Fitness,Central,306,68,171,21,60,4592,191
SKU-0100,Fitness,North,266,156,143,7,146,3729,44
SKU-0100,Computers,South,0,177,112,21,95,4779,108
SKU-0100,Electronics,East,267,198,244,7,64,1087,249
SKU-0100,Home Appliances,West,452,17,157,21,106,3841,214
SKU-0100,Computers,Central,176,184,88,14,87,1089,160
SKU-0101,Electronics,North,126,173,86,7,103,3908,331
SKU-0101,Electronics,South,377,152,45,21,21,3968,104
SKU-0101,Electronics,East,201,60,79,7,29,1009,209
SKU-0101,Computers,West,50,127,205,7,58,870,83
SKU-0101,Electronics,Central,453,164,121,14,112,486,399
SKU-0102,Fitness,North,349,49,6,7,31,2566,234
SKU-0102,Mobile Accessories,South,320,64,49,21,120,1336,61
SKU-0102,Computers,East,48,136,227,7,42,1531,293
SKU-0102,Home Appliances,West,283,30,186,21,118,3600,374
SKU-0102,Home Appliances,Central,72,190,234,14,49,3359,363
SKU-0103,Electronics,North,353,41,199,21,98,3234,22
SKU-0103,Fitness,South,359,84,52,30,76,1241,99
SKU-0103,Home Appliances,East,379,170,156,21,53,3080,6
SKU-0103,Home Appliances,West,195,174,60,7,66,3319,274
SKU-0103,Home Appliances,Central,156,197,150,30,145,3028,293
SKU-0104,Mobile Accessories,North,63,78,140,14,135,1563,203
SKU-0104,Computers,South,485,74,35,30,132,2000,324
SKU-0104,Mobile Accessories,East,413,129,92,21,86,4752,259
SKU-0104,Electronics,West,153,164,178,14,126,1357,50
SKU-0104,Fitness,Central,305,15,63,7,49,4109,121
SKU-0105,Fitness,North,124,46,174,30,120,3258,133
SKU-0105,Mobile Accessories,South,195,27,205,7,48,4272,58
SKU-0105,Home Appliances,East,430,135,248,7,128,3907,277
SKU-0105,Electronics,West,67,78,169,7,68,2032,161
SKU-0105,Fitness,Central,364,95,57,21,106,1046,386
SKU-0106,Mobile Accessories,North,41,107,164,7,70,4957,340
SKU-0106,Mobile Accessories,South,429,136,240,7,63,238,358
SKU-0106,Home Appliances,East,323,138,96,21,43,1234,353
SKU-0106,Mobile Accessories,West,138,188,21,21,101,2251,213
SKU-0106,Electronics,Central,248,161,23,7,104,2667,283
SKU-0107,Home Appliances,North,4,154,105,30,137,3830,63
SKU-0107,Computers,South,90,126,102,21,73,1808,46
SKU-0107,Fitness,East,139,158,143,21,24,1076,183
SKU-0107,Computers,West,19,178,50,14,31,982,146
SKU-0107,Computers,Central,153,57,112,30,71,4777,182
SKU-0108,Home Appliances,North,249,111,79,7,101,4799,174
SKU-0108,Computers,South,238,13,139,7,67,2658,328
SKU-0108,Fitness,East,327,125,177,7,100,4035,327
SKU-0108,Electronics,West,146,72,42,21,88,1042,188
SKU-0108,Mobile Accessories,Central,286,123,228,14,112,4878,322
SKU-0109,Electronics,North,53,147,46,30,145,376,203
SKU-0109,Home Appliances,South,193,178,156,21,49,4252,221
SKU-0109,Electronics,East,302,172,23,14,27,2941,112
SKU-0109,Electronics,West,487,80,34,21,86,1188,291
SKU-0109,Fitness,Central,24,46,5,21,56,4336,231
SKU-0110,Computers,North,135,142,192,30,146,356,163
SKU-0110,Computers,South,34,113,27,7,53,513,357
SKU-0110,Home Appliances,East,74,108,76,21,53,2192,60
SKU-0110,Home Appliances,West,82,132,106,30,85,2522,161
SKU-0110,Electronics,Central,233,133,148,14,85,4645,12
SKU-0111,Fitness,North,183,120,163,30,53,2442,391
SKU-0111,Computers,South,214,129,130,21,46,3801,220
SKU-0111,Mobile Accessories,East,230,62,43,7,32,1656,52
SKU-0111,Electronics,West,274,66,29,14,50,2484,182
SKU-0111,Home Appliances,Central,22,41,194,14,29,1689,51
SKU-0112,Mobile Accessories,North,147,169,118,14,129,1111,52
SKU-0112,Fitness,South,407,88,26,14,23,1328,58
SKU-0112,Home Appliances,East,470,17,214,30,138,4145,289
SKU-0112,Electronics,West,337,107,131,21,124,1364,348
SKU-0112,Computers,Central,153,27,100,14,57,3514,87
SKU-0113,Fitness,North,305,17,173,14,88,988,319
SKU-0113,Electronics,South,156,165,143,7,84,4332,161
SKU-0113,Home Appliances,East,427,109,86,21,70,2288,82
SKU-0113,Computers,West,176,121,60,30,79,2110,216
SKU-0113,Mobile Accessories,Central,119,192,142,21,42,3896,234
SKU-0114,Computers,North,12,110,165,30,127,622,272
SKU-0114,Computers,South,451,184,29,14,40,1416,297
SKU-0114,Mobile Accessories,East,400,110,52,21,47,1123,40
SKU-0114,Electronics,West,354,56,244,14,124,991,12
SKU-0114,Mobile Accessories,Central,209,150,104,21,149,4844,328
SKU-0115,Home Appliances,North,165,63,188,14,119,2768,342
SKU-0115,Electronics,South,172,171,141,30,27,1039,148
SKU-0115,Mobile Accessories,East,27,63,186,7,119,3704,251
SKU-0115,Electronics,West,234,22,61,7,137,2201,137
SKU-0115,Mobile Accessories,Central,52,53,51,7,93,4753,12
SKU-0116,Electronics,North,164,111,28,14,100,4593,137
SKU-0116,Computers,South,162,162,135,21,121,2164,267
SKU-0116,Mobile Accessories,East,181,125,28,7,141,3359,345
SKU-0116,Electronics,West,229,74,88,21,35,3858,103
SKU-0116,Mobile Accessories,Central,91,195,208,21,52,4125,6
SKU-0117,Fitness,North,243,66,130,30,35,819,42
SKU-0117,Fitness,South,372,144,232,21,70,4652,159
SKU-0117,Computers,East,330,17,229,21,64,3385,58
SKU-0117,Fitness,West,131,113,199,7,117,3376,78
SKU-0117,Electronics,Central,123,181,222,30,109,492,118
SKU-0118,Mobile Accessories,North,132,65,100,30,94,3971,27
SKU-0118,Mobile Accessories,South,277,26,63,14,125,3612,25
SKU-0118,Home Appliances,East,24,147,49,21,30,560,180
SKU-0118,Home Appliances,West,455,113,72,21,114,3583,320
SKU-0118,Computers,Central,48,184,56,14,76,2706,158
SKU-0119,Computers,North,488,183,246,14,133,2152,83
SKU-0119,Fitness,South,307,114,207,30,73,1796,225
SKU-0119,Home Appliances,East,14,70,126,7,65,2600,389
SKU-0119,Electronics,West,293,71,90,14,97,2449,396
SKU-0119,Home Appliances,Central,222,12,226,14,112,2667,234
SKU-0120,Computers,North,107,170,213,30,94,2480,49
SKU-0120,Computers,South,10,104,160,30,89,3852,271
SKU-0120,Fitness,East,67,108,52,30,83,2593,331
SKU-0120,Fitness,West,138,110,93,14,38,969,373
SKU-0120,Home Appliances,Central,465,163,138,30,127,982,284
SKU-0121,Home Appliances,North,58,134,102,7,126,344,335
SKU-0121,Fitness,South,449,171,12,7,125,107,351
SKU-0121,Electronics,East,483,103,69,21,58,4382,83
SKU-0121,Computers,West,87,95,97,14,63,4332,73
SKU-0121,Fitness,Central,35,110,224,30,123,2469,54
SKU-0122,Home Appliances,North,455,185,95,14,120,3036,348
SKU-0122,Mobile Accessories,South,450,117,145,7,29,2887,264
SKU-0122,Fitness,East,437,164,38,21,148,3843,88
SKU-0122,Mobile Accessories,West,92,80,245,21,136,1729,162
SKU-0122,Mobile Accessories,Central,98,122,107,21,109,2865,16
SKU-0123,Mobile Accessories,North,273,182,120,7,110,1205,323
SKU-0123,Electronics,South,448,123,5,14,128,3799,342
SKU-0123,Fitness,East,265,68,207,7,124,2013,192
SKU-0123,Fitness,West,400,31,102,30,87,4904,255
SKU-0123,Electronics,Central,138,65,183,7,118,2735,281
SKU-0124,Home Appliances,North,370,156,113,30,66,2138,326
SKU-0124,Computers,South,153,49,137,7,42,973,83
SKU-0124,Computers,East,398,125,113,7,60,1491,146
SKU-0124,Home Appliances,West,111,112,50,30,87,370,384
SKU-0124,Mobile Accessories,Central,194,120,28,21,59,3707,23
SKU-0125,Mobile Accessories,North,489,13,71,14,135,378,364
SKU-0125,Electronics,South,68,104,185,14,76,3932,187
SKU-0125,Fitness,East,53,79,105,7,122,3256,316
SKU-0125,Electronics,West,211,12,132,21,105,2087,331
SKU-0125,Electronics,Central,37,173,243,7,106,1949,305
SKU-0126,Home Appliances,North,29,199,105,7,131,305,184
SKU-0126,Fitness,South,381,132,51,14,58,3699,21
SKU-0126,Electronics,East,212,63,153,30,35,3742,286
SKU-0126,Mobile Accessories,West,425,41,191,14,28,1076,138
SKU-0126,Home Appliances,Central,479,19,218,7,36,4007,47
SKU-0127,Computers,North,435,120,157,21,120,2900,320
SKU-0127,Home Appliances,South,190,60,40,7,146,4299,270
SKU-0127,Electronics,East,95,176,127,14,20,1106,377
SKU-0127,Electronics,West,166,135,61,7,92,4777,261
SKU-0127,Home Appliances,Central,339,61,249,21,100,660,75
SKU-0128,Fitness,North,367,184,113,21,84,4020,270
SKU-0128,Fitness,South,99,41,100,30,132,142,371
SKU-0128,Fitness,East,418,87,62,7,33,4869,188
SKU-0128,Electronics,West,246,141,220,21,102,1092,167
SKU-0128,Mobile Accessories,Central,338,36,84,14,32,1955,146
SKU-0129,Computers,North,203,89,127,21,108,3831,94
SKU-0129,Computers,South,451,181,155,14,139,3193,370
SKU-0129,Home Appliances,East,312,81,11,14,138,4646,113
SKU-0129,Mobile Accessories,West,271,92,183,14,91,212,11
SKU-0129,Electronics,Central,125,62,79,7,46,239,389
SKU-0130,Computers,North,96,14,61,30,97,987,58
SKU-0130,Mobile Accessories,South,32,71,54,30,38,4921,196
SKU-0130,Mobile Accessories,East,378,56,171,30,52,3865,390
SKU-0130,Computers,West,78,23,219,21,147,4955,28
SKU-0130,Fitness,Central,279,91,67,14,124,4764,391
SKU-0131,Home Appliances,North,217,71,161,14,36,2469,5
SKU-0131,Home Appliances,South,57,78,160,14,101,3645,218
SKU-0131,Home Appliances,East,176,80,135,14,117,307,1
SKU-0131,Fitness,West,123,33,78,14,41,253,294
SKU-0131,Fitness,Central,218,166,243,14,39,2700,147
SKU-0132,Computers,North,107,156,88,21,130,2949,322
SKU-0132,Fitness,South,133,36,14,7,115,4755,325
SKU-0132,Fitness,East,232,196,104,21,21,4608,64
SKU-0132,Home Appliances,West,82,163,221,14,72,4857,47
SKU-0132,Computers,Central,404,132,26,30,117,2561,24
SKU-0133,Fitness,North,492,37,197,7,64,1191,6
SKU-0133,Electronics,South,304,146,168,21,148,3591,72
SKU-0133,Mobile Accessories,East,236,55,110,30,51,275,165
SKU-0133,Electronics,West,144,83,118,21,73,4885,243
SKU-0133,Mobile Accessories,Central,340,136,157,30,130,3442,131
SKU-0134,Home Appliances,North,92,132,77,21,111,3956,42
SKU-0134,Fitness,South,376,50,174,14,58,468,244
SKU-0134,Electronics,East,150,120,228,30,66,2884,365
SKU-0134,Home Appliances,West,68,52,180,14,59,2350,60
SKU-0134,Electronics,Central,433,71,62,7,94,1651,337
SKU-0135,Computers,North,93,57,142,14,57,2786,274
SKU-0135,Computers,South,163,196,67,7,121,1114,375
SKU-0135,Fitness,East,90,17,183,14,92,2656,389
SKU-0135,Electronics,West,106,98,43,7,47,3012,181
SKU-0135,Electronics,Central,36,146,86,30,104,2917,57
SKU-0136,Electronics,North,362,132,192,14,133,1458,91
SKU-0136,Computers,South,17,107,67,14,23,4451,134
SKU-0136,Computers,East,60,116,58,30,87,3378,128
SKU-0136,Mobile Accessories,West,310,12,210,14,140,1737,37
SKU-0136,Computers,Central,340,166,137,7,111,2168,241
SKU-0137,Home Appliances,North,454,118,51,30,102,902,68
SKU-0137,Home Appliances,South,128,149,192,21,75,4941,22
SKU-0137,Computers,East,152,30,65,21,141,4027,152
SKU-0137,Electronics,West,236,64,50,30,74,4035,388
SKU-0137,Electronics,Central,35,119,238,7,125,4509,294
SKU-0138,Electronics,North,335,106,117,7,80,236,5
SKU-0138,Fitness,South,498,118,39,21,137,2408,86
SKU-0138,Home Appliances,East,464,85,219,30,76,3042,213
SKU-0138,Home Appliances,West,456,38,243,7,106,2800,159
SKU-0138,Home Appliances,Central,45,125,243,30,64,3418,103
SKU-0139,Mobile Accessories,North,84,143,112,14,113,4857,245
SKU-0139,Electronics,South,288,167,213,14,141,1773,114
SKU-0139,Electronics,East,419,171,205,14,47,2353,166
SKU-0139,Computers,West,246,56,131,21,137,4082,381
SKU-0139,Home Appliances,Central,411,161,76,21,52,3105,18
SKU-0140,Electronics,North,194,83,172,21,117,4336,245
SKU-0140,Electronics,South,384,171,97,30,67,4440,319
SKU-0140,Fitness,East,316,166,43,30,107,4266,268
SKU-0140,Fitness,West,324,35,53,21,26,916,102
SKU-0140,Computers,Central,308,71,21,21,44,350,252
SKU-0141,Computers,North,386,38,121,21,45,1267,24
SKU-0141,Home Appliances,South,309,165,77,30,75,4004,92
SKU-0141,Fitness,East,85,89,173,21,127,3094,117
SKU-0141,Fitness,West,232,166,87,21,34,4334,180
SKU-0141,Fitness,Central,429,39,61,30,147,2707,193
SKU-0142,Home Appliances,North,223,145,26,14,123,2439,334
SKU-0142,Computers,South,219,125,61,7,101,2704,334
SKU-0142,Computers,East,19,132,238,7,86,102,181
SKU-0142,Home Appliances,West,205,73,44,21,81,4839,59
SKU-0142,Fitness,Central,371,84,126,21,126,3406,385
SKU-0143,Electronics,North,61,58,141,30,143,1605,316
SKU-0143,Mobile Accessories,South,206,57,157,30,77,1992,367
SKU-0143,Home Appliances,East,428,71,43,30,77,3671,208
SKU-0143,Fitness,West,354,53,33,21,90,3263,264
SKU-0143,Home Appliances,Central,382,143,161,14,40,903,244
SKU-0144,Home Appliances,North,469,71,174,30,32,153,15
SKU-0144,Fitness,South,7,113,63,7,59,1054,385
SKU-0144,Mobile Accessories,East,93,147,48,21,99,2740,217
SKU-0144,Electronics,West,1,187,144,21,109,4986,145
SKU-0144,Home Appliances,Central,317,122,132,14,57,2652,238
SKU-0145,Mobile Accessories,North,194,175,199,14,80,4351,377
SKU-0145,Fitness,South,109,22,159,30,41,3146,206
SKU-0145,Computers,East,387,32,123,14,103,4040,339
SKU-0145,Fitness,West,203,170,32,30,20,3848,62
SKU-0145,Computers,Central,21,79,129,7,115,1640,315
SKU-0146,Computers,North,119,55,182,30,75,465,186
SKU-0146,Mobile Accessories,South,231,166,203,30,96,4425,257
SKU-0146,Fitness,East,263,84,229,14,144,3939,37
SKU-0146,Mobile Accessories,West,175,36,24,30,62,1056,286
SKU-0146,Fitness,Central,90,70,206,21,128,4546,142
SKU-0147,Computers,North,399,22,117,21,67,2950,85
SKU-0147,Mobile Accessories,South,165,168,210,30,133,3604,355
SKU-0147,Home Appliances,East,415,192,211,30,118,614,207
SKU-0147,Computers,West,196,94,129,14,102,2684,67
SKU-0147,Home Appliances,Central,60,38,131,21,93,672,152
SKU-0148,Mobile Accessories,North,275,57,215,21,129,2687,196
SKU-0148,Electronics,South,190,68,137,21,31,2317,165
SKU-0148,Computers,East,408,23,207,30,74,1198,276
SKU-0148,Fitness,West,427,142,91,7,78,3004,181
SKU-0148,Home Appliances,Central,457,159,87,7,83,1778,103
SKU-0149,Fitness,North,459,159,218,14,112,2577,141
SKU-0149,Mobile Accessories,South,433,157,182,30,138,306,267
SKU-0149,Home Appliances,East,295,127,24,14,109,4208,321
SKU-0149,Home Appliances,West,292,186,234,14,55,1710,363
SKU-0149,Mobile Accessories,Central,423,52,154,30,27,4491,208
SKU-0150,Fitness,North,127,93,120,21,81,2666,44
SKU-0150,Computers,South,442,193,180,21,107,3427,72
SKU-0150,Electronics,East,418,188,216,7,138,1330,94
SKU-0150,Mobile Accessories,West,372,119,24,30,72,3956,63
SKU-0150,Computers,Central,297,103,161,21,30,1194,363
SKU-0151,Computers,North,57,43,24,14,121,2875,393
SKU-0151,Home Appliances,South,415,61,19,7,103,4070,292
SKU-0151,Fitness,East,125,49,76,30,75,2042,359
SKU-0151,Computers,West,394,119,196,30,112,961,55
SKU-0151,Computers,Central,59,147,43,30,68,736,12
SKU-0152,Computers,North,479,45,105,14,105,3687,222
SKU-0152,Electronics,South,337,175,131,30,146,3813,30
SKU-0152,Home Appliances,East,374,20,224,14,115,2600,191
SKU-0152,Computers,West,485,19,172,30,118,3283,315
SKU-0152,Computers,Central,445,96,149,7,76,2253,180
SKU-0153,Electronics,North,183,18,26,7,108,787,17
SKU-0153,Fitness,South,370,177,149,21,125,1394,318
SKU-0153,Electronics,East,166,22,85,30,59,3902,81
SKU-0153,Electronics,West,332,85,176,14,90,326,47
SKU-0153,Home Appliances,Central,17,153,187,21,108,2977,396
SKU-0154,Mobile Accessories,North,364,90,245,7,96,1981,269
SKU-0154,Electronics,South,94,63,136,30,58,2992,159
SKU-0154,Electronics,East,186,175,124,30,72,1857,130
SKU-0154,Mobile Accessories,West,236,159,100,7,91,2153,205
SKU-0154,Home Appliances,Central,31,108,142,21,95,926,286
SKU-0155,Fitness,North,348,78,194,30,108,2434,253
SKU-0155,Computers,South,212,93,235,21,32,2786,113
SKU-0155,Mobile Accessories,East,432,29,248,7,100,2073,384
SKU-0155,Mobile Accessories,West,398,26,156,14,91,4304,278
SKU-0155,Fitness,Central,173,81,12,21,130,2846,268
SKU-0156,Home Appliances,North,422,165,221,7,35,986,1
SKU-0156,Fitness,South,245,154,34,21,32,597,220
SKU-0156,Home Appliances,East,237,103,86,7,113,1747,54
SKU-0156,Mobile Accessories,West,336,177,215,30,127,4760,383
SKU-0156,Fitness,Central,179,167,165,7,71,2796,181
SKU-0157,Electronics,North,366,10,48,21,94,3891,264
SKU-0157,Mobile Accessories,South,287,24,144,7,91,1790,189
SKU-0157,Electronics,East,267,74,111,30,61,982,138
SKU-0157,Mobile Accessories,West,102,180,99,7,104,523,55
SKU-0157,Mobile Accessories,Central,389,95,182,14,73,1356,226
SKU-0158,Fitness,North,370,148,92,7,134,1573,62
SKU-0158,Home Appliances,South,103,92,107,30,36,1129,146
SKU-0158,Computers,East,183,37,198,14,138,4488,370
SKU-0158,Electronics,West,243,77,218,14,62,3847,57
SKU-0158,Home Appliances,Central,268,61,62,30,124,1351,246
SKU-0159,Fitness,North,187,92,190,30,118,4991,384
SKU-0159,Electronics,South,425,57,44,7,133,4105,136
SKU-0159,Fitness,East,366,153,188,30,50,1498,141
SKU-0159,Computers,West,236,34,38,21,137,3149,72
SKU-0159,Mobile Accessories,Central,281,157,196,30,29,4347,4
SKU-0160,Computers,North,194,195,31,30,132,370,162
SKU-0160,Mobile Accessories,South,459,114,185,30,45,2498,339
SKU-0160,Computers,East,139,141,91,30,131,228,245
SKU-0160,Computers,West,88,75,162,21,141,4344,339
SKU-0160,Fitness,Central,432,125,218,7,135,2441,252
SKU-0161,Mobile Accessories,North,142,119,184,21,65,1083,376
SKU-0161,Mobile Accessories,South,377,142,74,7,126,1426,90
SKU-0161,Computers,East,17,158,224,21,123,1786,191
SKU-0161,Computers,West,450,49,246,14,108,1108,199
SKU-0161,Fitness,Central,202,70,196,7,141,3408,180
SKU-0162,Electronics,North,310,46,60,21,121,4032,196
SKU-0162,Home Appliances,South,72,68,244,14,123,2966,29
SKU-0162,Mobile Accessories,East,266,117,80,21,109,2864,378
SKU-0162,Fitness,West,455,198,129,14,141,4801,102
SKU-0162,Home Appliances,Central,222,195,217,30,50,1687,344
SKU-0163,Home Appliances,North,75,138,187,14,59,1736,110
SKU-0163,Electronics,South,384,74,195,14,98,1332,21
SKU-0163,Mobile Accessories,East,165,108,241,30,27,3858,272
SKU-0163,Mobile Accessories,West,16,99,145,7,100,4691,77
SKU-0163,Electronics,Central,428,15,167,14,33,1362,71
SKU-0164,Home Appliances,North,444,152,58,7,46,368,240
SKU-0164,Electronics,South,414,172,64,14,77,506,216
SKU-0164,Fitness,East,417,35,51,7,39,4585,197
SKU-0164,Electronics,West,58,155,136,7,33,1585,12
SKU-0164,Fitness,Central,390,137,48,21,38,4770,238
SKU-0165,Computers,North,491,172,85,21,119,1798,121
SKU-0165,Computers,South,431,53,108,30,80,4340,326
SKU-0165,Computers,East,362,59,69,21,51,3312,313
SKU-0165,Fitness,West,127,151,169,30,87,907,186
SKU-0165,Mobile Accessories,Central,207,153,194,30,109,1407,351
SKU-0166,Electronics,North,236,40,7,14,43,3954,170
SKU-0166,Fitness,South,158,54,198,30,90,3675,363
SKU-0166,Computers,East,370,112,238,7,76,4166,285
SKU-0166,Fitness,West,457,155,118,7,136,2880,59
SKU-0166,Electronics,Central,97,180,130,7,113,2075,121
SKU-0167,Fitness,North,493,117,8,7,25,387,105
SKU-0167,Fitness,South,145,24,172,14,115,4652,228
SKU-0167,Computers,East,201,15,116,30,142,4642,322
SKU-0167,Mobile Accessories,West,105,148,47,7,115,1575,336
SKU-0167,Mobile Accessories,Central,296,142,164,14,54,1316,149
SKU-0168,Home Appliances,North,367,20,209,21,22,2223,86
SKU-0168,Fitness,South,269,27,117,21,92,1914,201
SKU-0168,Fitness,East,82,134,179,7,66,3031,255
SKU-0168,Home Appliances,West,214,39,29,30,131,4690,24
SKU-0168,Electronics,Central,73,67,98,21,146,2060,24
SKU-0169,Computers,North,333,108,120,30,29,2246,10
SKU-0169,Electronics,South,84,158,218,7,145,1077,53
SKU-0169,Computers,East,330,25,245,21,37,4678,186
SKU-0169,Home Appliances,West,345,153,10,7,127,4686,238
SKU-0169,Computers,Central,303,51,80,30,96,2430,78
SKU-0170,Electronics,North,71,16,195,21,138,4113,62
SKU-0170,Computers,South,487,133,16,7,62,116,62
SKU-0170,Computers,East,252,129,40,7,27,189,207
SKU-0170,Mobile Accessories,West,291,37,122,7,95,1025,150
SKU-0170,Fitness,Central,399,23,206,21,143,1504,292
SKU-0171,Computers,North,284,152,232,21,38,4656,105
SKU-0171,Computers,South,20,73,169,21,74,384,147
SKU-0171,Fitness,East,280,79,67,30,149,3065,223
SKU-0171,Computers,West,271,155,201,14,119,144,274
SKU-0171,Electronics,Central,470,43,145,21,81,2009,220
SKU-0172,Fitness,North,355,31,184,30,130,1031,328
SKU-0172,Fitness,South,230,156,42,14,135,3506,147
SKU-0172,Mobile Accessories,East,8,41,136,14,101,3688,342
SKU-0172,Fitness,West,125,84,169,14,87,3136,299
SKU-0172,Electronics,Central,289,86,46,7,125,2282,67
SKU-0173,Home Appliances,North,146,168,132,21,104,2562,338
SKU-0173,Computers,South,94,190,36,14,135,1261,129
SKU-0173,Home Appliances,East,193,69,220,7,115,243,15
SKU-0173,Mobile Accessories,West,301,176,249,21,126,2276,394
SKU-0173,Computers,Central,374,94,8,21,130,405,395
SKU-0174,Electronics,North,94,101,228,7,66,4159,180
SKU-0174,Computers,South,105,139,110,30,23,1231,18
SKU-0174,Electronics,East,409,49,54,21,94,111,194
SKU-0174,Electronics,West,489,36,117,14,68,4851,385
SKU-0174,Mobile Accessories,Central,315,191,34,30,47,4973,297
SKU-0175,Fitness,North,295,86,109,14,61,2450,245
SKU-0175,Computers,South,207,31,189,30,126,4531,161
SKU-0175,Electronics,East,159,98,70,30,92,4783,345
SKU-0175,Computers,West,200,19,100,7,39,4255,65
SKU-0175,Home Appliances,Central,320,188,128,30,149,1794,56
SKU-0176,Electronics,North,77,38,19,30,120,2272,358
SKU-0176,Mobile Accessories,South,279,158,142,14,97,1851,397
SKU-0176,Fitness,East,161,137,62,30,55,1808,21
SKU-0176,Mobile Accessories,West,205,136,84,7,119,4635,216
SKU-0176,Home Appliances,Central,95,170,177,30,37,294,150
SKU-0177,Electronics,North,479,118,127,30,123,3914,205
SKU-0177,Computers,South,197,149,148,7,106,3313,316
SKU-0177,Computers,East,198,55,36,21,63,3572,168
SKU-0177,Computers,West,309,53,102,7,128,3966,371
SKU-0177,Computers,Central,342,113,127,14,98,4238,352
SKU-0178,Mobile Accessories,North,244,40,103,7,102,2337,287
SKU-0178,Electronics,South,423,150,216,21,48,425,94
SKU-0178,Computers,East,277,182,73,30,108,1370,128
SKU-0178,Electronics,West,211,181,91,30,94,4178,53
SKU-0178,Computers,Central,343,166,58,14,35,3703,45
SKU-0179,Computers,North,450,136,62,7,130,228,336
SKU-0179,Fitness,South,193,166,88,14,27,2176,111
SKU-0179,Fitness,East,434,170,135,30,127,1744,275
SKU-0179,Home Appliances,West,72,176,8,21,38,270,140
SKU-0179,Electronics,Central,396,197,189,14,71,2258,364
SKU-0180,Fitness,North,341,52,215,30,61,957,239
SKU-0180,Electronics,South,114,35,155,21,96,1023,136
SKU-0180,Fitness,East,19,193,215,30,58,4975,206
SKU-0180,Electronics,West,478,192,210,21,61,4606,10
SKU-0180,Home Appliances,Central,293,107,175,21,135,4937,368
SKU-0181,Mobile Accessories,North,425,74,103,30,91,1566,51
SKU-0181,Computers,South,373,184,124,21,30,3488,323
SKU-0181,Computers,East,408,149,158,14,129,3734,116
SKU-0181,Fitness,West,420,55,57,30,140,1392,88
SKU-0181,Electronics,Central,380,127,58,7,135,4455,74
SKU-0182,Electronics,North,479,58,11,14,141,2670,347
SKU-0182,Home Appliances,South,437,182,27,14,47,846,366
SKU-0182,Home Appliances,East,312,35,157,14,48,2929,333
SKU-0182,Computers,West,34,39,96,7,112,4880,78
SKU-0182,Computers,Central,109,188,106,14,66,343,319
SKU-0183,Mobile Accessories,North,86,16,26,7,93,4845,390
SKU-0183,Home Appliances,South,495,134,54,14,71,772,0
SKU-0183,Computers,East,235,190,192,14,23,1012,131
SKU-0183,Computers,West,426,13,5,21,54,3936,291
SKU-0183,Home Appliances,Central,433,132,47,21,51,1969,376
SKU-0184,Mobile Accessories,North,145,165,161,30,118,658,250
SKU-0184,Electronics,South,186,40,8,7,36,3722,303
SKU-0184,Computers,East,429,185,43,7,49,1401,202
SKU-0184,Home Appliances,West,65,117,16,14,55,792,254
SKU-0184,Fitness,Central,454,10,131,14,109,2746,89
SKU-0185,Fitness,North,236,143,74,30,105,118,100
SKU-0185,Mobile Accessories,South,401,104,105,14,52,1647,117
SKU-0185,Home Appliances,East,349,164,171,7,95,1882,28
SKU-0185,Fitness,West,160,199,121,21,21,4056,171
SKU-0185,Computers,Central,437,27,7,21,127,4775,378
SKU-0186,Computers,North,209,122,102,7,41,1573,171
SKU-0186,Computers,South,382,143,174,7,104,1690,250
SKU-0186,Fitness,East,143,104,146,21,138,4628,264
SKU-0186,Fitness,West,441,182,154,30,61,3224,329
SKU-0186,Computers,Central,250,48,126,21,142,2002,386
SKU-0187,Home Appliances,North,338,19,96,7,54,3689,395
SKU-0187,Electronics,South,110,47,81,7,86,1003,7
SKU-0187,Computers,East,121,93,179,30,104,4646,44
SKU-0187,Home Appliances,West,135,96,20,7,28,3999,333
SKU-0187,Fitness,Central,332,80,19,21,121,4421,277
SKU-0188,Mobile Accessories,North,407,122,233,30,20,2413,207
SKU-0188,Mobile Accessories,South,109,193,117,7,69,3636,187
SKU-0188,Electronics,East,153,121,82,7,140,3962,170
SKU-0188,Electronics,West,133,180,29,14,62,1969,283
SKU-0188,Fitness,Central,145,68,192,21,111,2326,55
SKU-0189,Computers,North,154,169,115,7,87,913,248
SKU-0189,Home Appliances,South,481,76,158,30,25,3603,93
SKU-0189,Computers,East,428,22,201,7,137,949,366
SKU-0189,Mobile Accessories,West,337,75,206,21,64,4370,318
SKU-0189,Electronics,Central,75,123,115,7,54,1098,308
SKU-0190,Computers,North,25,23,122,7,70,3034,213
SKU-0190,Mobile Accessories,South,150,193,23,14,95,4634,219
SKU-0190,Electronics,East,347,197,191,7,47,3038,179
SKU-0190,Home Appliances,West,252,135,181,7,118,226,167
SKU-0190,Mobile Accessories,Central,79,47,81,14,106,1119,309
SKU-0191,Electronics,North,149,25,32,30,65,2987,235
SKU-0191,Electronics,South,438,94,30,30,104,3660,64
SKU-0191,Electronics,East,133,160,119,30,106,1475,157
SKU-0191,Mobile Accessories,West,76,155,91,21,76,1982,300
SKU-0191,Computers,Central,427,97,119,21,69,2487,346
SKU-0192,Home Appliances,North,133,100,141,7,128,2680,89
SKU-0192,Fitness,South,295,121,49,7,106,3831,100
SKU-0192,Mobile Accessories,East,245,126,96,7,47,2085,24
SKU-0192,Mobile Accessories,West,57,50,138,21,57,1001,74
SKU-0192,Fitness,Central,141,75,172,21,136,1478,224
SKU-0193,Mobile Accessories,North,151,28,150,30,135,1158,189
SKU-0193,Electronics,South,0,162,177,7,145,4686,344
SKU-0193,Computers,East,399,156,155,21,44,4723,181
SKU-0193,Mobile Accessories,West,498,82,133,14,99,1562,33
SKU-0193,Fitness,Central,344,134,49,14,40,1614,38
SKU-0194,Mobile Accessories,North,286,19,34,7,37,2747,243
SKU-0194,Electronics,South,380,82,227,21,23,4386,167
SKU-0194,Home Appliances,East,8,118,141,14,35,242,98
SKU-0194,Mobile Accessories,West,376,61,73,21,24,887,78
SKU-0194,Computers,Central,145,120,6,7,32,3360,94
SKU-0195,Home Appliances,North,104,17,71,30,129,4716,116
SKU-0195,Computers,South,266,108,233,7,61,1287,375
SKU-0195,Fitness,East,140,21,41,14,92,298,129
SKU-0195,Home Appliances,West,245,65,64,21,122,1931,319
SKU-0195,Home Appliances,Central,486,94,155,7,108,898,275
SKU-0196,Electronics,North,235,192,213,7,149,3184,121
SKU-0196,Home Appliances,South,358,115,123,14,118,4789,74
SKU-0196,Home Appliances,East,373,93,196,7,78,1590,381
SKU-0196,Home Appliances,West,366,71,148,30,124,2471,14
SKU-0196,Computers,Central,216,192,39,21,33,3017,99
SKU-0197,Mobile Accessories,North,6,39,215,7,130,4427,178
SKU-0197,Fitness,South,71,89,248,21,61,1396,190
SKU-0197,Electronics,East,172,16,159,14,53,4092,5
SKU-0197,Mobile Accessories,West,407,155,219,14,48,3297,336
SKU-0197,Fitness,Central,173,161,79,14,146,3653,283
SKU-0198,Electronics,North,386,84,170,7,97,787,20
SKU-0198,Fitness,South,53,193,107,14,78,1911,111
SKU-0198,Mobile Accessories,East,223,68,75,7,128,4068,156
SKU-0198,Home Appliances,West,190,65,200,21,142,4582,245
SKU-0198,Mobile Accessories,Central,236,113,11,21,20,1854,229
SKU-0199,Fitness,North,454,181,91,7,142,789,62
SKU-0199,Mobile Accessories,South,483,174,237,21,146,2356,226
SKU-0199,Fitness,East,431,142,52,30,22,471,174
SKU-0199,Computers,West,445,108,120,14,131,3424,316
SKU-0199,Computers,Central,414,104,21,30,43,3799,150
SKU-0200,Electronics,North,337,59,210,14,98,3250,69
SKU-0200,Fitness,South,26,24,54,30,27,3762,386
SKU-0200,Electronics,East,189,56,209,7,117,1083,351
SKU-0200,Fitness,West,188,169,226,30,32,1124,33
SKU-0200,Fitness,Central,445,88,240,14,140,1205,191
